Label (Grouping),Recovery Rating (Seasonal Average),Total workers,    Public transportation (excluding taxicab):,    Worked from home,% Public Transit,% Remote,% Knowledge Based Industry,recovery_slope,recovery_volatility,% Change in Visits (May 2023 vs. May 2024),,,pct_singlefam_city,pct_multifam_city,pct_mobile_home_and_others_city,pct_renter_city,median_age_city,bachelor_plus_city,median_hhinc_city,median_rent_city,pct_vacant_city,pct_nhwhite_city,pct_nhblack_city,pct_hisp_city,pct_nhasian_city,pct_commute_auto_city,pct_commute_public_transit_city,pct_commute_walk_city,pct_commute_bicycle_city,pct_commute_others_city,housing_units_city,average_commute_time_city,population_density_city,housing_density_city,pct_others_city,pct_jobs_agriculture_forestry_fishing_hunting,pct_jobs_mining_quarrying_oil_gas,pct_jobs_utilities,pct_jobs_construction,pct_jobs_manufacturing,pct_jobs_wholesale_trade,pct_jobs_retail_trade,pct_jobs_transport_warehouse,pct_jobs_information,pct_jobs_finance_insurance,pct_jobs_real_estate,pct_jobs_professional_science_techical,pct_jobs_management_of_companies_enterprises,pct_jobs_administrative_support_waste,pct_jobs_educational_services,pct_jobs_healthcare_social_assistance,pct_jobs_arts_entertainment_recreation,pct_jobs_accomodation_food_services,pct_jobs_other,pct_jobs_public_administration,pct_nhwhite_downtown,pct_nhblack_downtown,pct_hisp_downtown,pct_nhasian_downtown,population_density_downtown,employment_density_downtown,pct_mobile_home_and_others_downtown,housing_density_downtown,pct_others_downtown,total_jobs,employment_entropy,total_pop_downtown,pct_singlefam_downtown,pct_multifam_downtown,pct_renter_downtown,median_age_downtown,bachelor_plus_downtown,median_hhinc_downtown,median_rent_downtown,pct_vacant_downtown,pct_commute_auto_downtown,pct_commute_public_transit_downtown,pct_commute_bicycle_downtown,pct_commute_walk_downtown,pct_commute_others_downtown,housing_units_downtown,average_commute_time_downtown,median_year_structure_built,median_no_rooms,%Liberal-Leaning,%Conservative-Leaning,%Other,days_school_closing,days_workplace_closing,days_cancel_large_events,days_cancel_all_events,days_stay_home_requirements,days_income_support,days_mask_mandates
"Albuquerque, NM",0.6624530495,439352,4460,55533,0.01015131375,0.1263975127,0.2310445369,-1.01E-05,0.1251899419,-8,,,68,28,4,40,37,19,"52,911",873,9,39,3,49,3,90,2,2,1,5,"245,476",22,"1,154",506,6,0,0,0,6,4,4,3,3,4,2,1,5,1,4,10,29,2,8,2,10,27,3,61,2,"1,139","5,327",1,639,7,"89,732",2,"19,191",49,51,65,36,28,"30,366",714,15,83,4,2,5,6,"10,757",19,"1,963",4,61,37,2,404,429,380,476,0,538,806
"Atlanta-Sandy Springs-Roswell, GA",0.8525681242,3198121,48500,609408,0.01516515479,0.1905518897,0.2633161223,-4.45E-06,1.18E-01,-3.6,,,43,56,1,56,33,29,"59,948","1,153",16,38,50,4,4,73,10,5,1,10,"246,322",27,"1,390",701,2,0,0,1,1,1,1,1,1,13,5,1,12,6,5,6,11,3,7,3,22,28,59,6,4,"2,452","54,370",1,580,3,"146,950",2,"6,628",3,96,73,22,24,"20,909","1,108",16,40,18,1,26,16,"1,568",20,"1,972",3,77,22,1,455,100,278,371,316,421,716
"Austin-Round Rock-San Marcos, TX",0.7264335424,1362972,12106,339824,0.008882060673,0.2493257382,0.305481489,-1.40E-07,1.59E-01,16.2,,,51,47,1,55,33,32,"71,576","1,280",8,48,7,34,8,83,3,2,1,10,"415,006",25,"1,147",501,3,0,0,1,2,1,1,4,0,5,3,2,13,1,4,22,6,2,9,3,20,76,3,13,6,"2,572","44,857",0,"1,918",2,"189,211",2,"10,848",2,98,67,35,78,"122,182","2,262",21,56,3,6,16,20,"8,090",21,"2,005",3,63,35,2,482,340,353,408,62,728,679
"Bakersfield-Delano, CA",0.9458594688,367442,1519,22425,0.004133985772,0.06103004012,0.1245324341,-4.40E-06,1.69E-01,-8.4,,,74,24,2,41,31,14,"63,139","1,104",6,33,7,50,7,93,1,1,0,5,"124,478",23,974,321,3,3,4,0,6,3,3,5,3,2,1,1,5,2,10,4,24,2,7,3,13,37,13,44,2,"1,138","5,146",9,491,4,"55,724",3,"12,325",43,48,68,30,20,"33,324",858,12,82,3,1,5,8,"5,322",17,"1,971",4,44,54,2,504,455,478,491,156,768,836
"Baltimore-Columbia-Towson, MD",0.6777244575,1447749,49824,235921,0.03441480533,0.1629571148,0.2348310052,-3.77E-07,1.18E-01,23.4,,,66,34,0,53,35,17,"50,379","1,073",19,27,62,5,3,69,17,6,1,6,"294,296",31,"2,905","1,404",3,0,0,1,2,1,1,2,0,3,7,2,11,2,8,10,19,3,8,3,18,31,55,5,5,"5,239","18,630",0,"2,943",4,"138,826",2,"39,040",26,74,83,32,44,"43,357","1,104",14,48,24,2,21,5,"21,933",30,"1,953",4,66,31,3,505,188,322,429,63,752,806
"Boston-Cambridge-Newton, MA-NH",0.7023021442,2666606,247924,470828,0.09297361515,0.1765645168,0.279836335,-7.93E-06,1.01E-01,4.4,,,18,82,0,65,32,27,"71,115","1,620",8,45,23,20,10,44,33,15,2,5,"294,418",31,"5,466","2,352",3,0,0,0,2,1,2,2,1,5,20,3,25,2,9,2,4,2,8,3,10,83,3,3,9,"7,084","248,208",0,"4,610",2,"227,878",2,"6,504",2,97,55,41,76,"155,949","2,969",23,22,19,1,47,10,"4,232",23,"1,975",3,83,15,2,424,426,214,442,0,721,744
"Charlotte-Concord-Gastonia, NC-SC",0.7451510123,1447403,13232,310722,0.009141890683,0.2146755258,0.2711622453,-4.23E-06,1.42E-01,-0.3,,,63,35,1,47,34,29,"62,817","1,135",8,41,35,14,6,86,3,2,0,9,"359,379",26,"1,078",452,3,0,0,0,2,1,1,1,1,3,20,3,15,13,13,2,2,3,6,2,12,60,25,7,4,"2,854","26,778",0,"1,911",5,"126,648",2,"13,498",11,89,69,31,74,"92,786","1,511",20,54,3,1,31,11,"9,039",19,"2,003",3,67,32,2,422,374,69,422,155,688,657
"Chicago-Naperville-Elgin, IL-IN",0.6145766256,4708208,400868,729953,0.08514237264,0.1550383925,0.2421752461,-2.46E-06,1.71E-01,23.4,,,29,70,0,55,35,23,"58,247","1,112",12,33,29,29,7,57,28,7,2,7,"1,214,450",35,"4,601","2,062",2,0,0,0,1,1,2,2,3,5,15,2,22,2,9,12,5,1,5,3,8,65,4,7,20,"9,124","262,660",0,"6,628",3,"615,800",2,"21,390",3,97,63,34,89,"115,284","2,293",18,21,19,1,44,15,"15,539",23,"1,999",3,74,24,2,423,69,178,450,144,869,816
"Cincinnati, OH-KY-IN",0.6444039973,1138168,13460,150538,0.01182602217,0.1322634268,0.2122661801,-3.49E-06,1.55E-01,0,,,43,57,0,62,32,21,"40,640",738,15,48,42,4,2,81,7,6,0,6,"161,555",23,"1,495",801,4,0,0,0,2,5,3,2,2,5,11,2,15,13,7,2,6,6,10,2,8,63,28,3,3,"2,008","15,387",0,"1,517",3,"107,996",3,"14,097",15,85,73,33,64,"66,185","1,102",25,61,5,1,26,8,"10,651",19,"1,980",4,52,47,2,443,190,158,447,142,644,720
"Cleveland, OH",0.78,1057025,21370,135579,0.02,0.13,0.2,0,0.1,-5.4,,,52.83,46.43,0.74,58.43,36.3,10.92,30907,719,19.61,33.8,48.18,11.93,2.54,80.1,9.77,5.07,0.61,4.44,212161,24,1914.7,1054.3,3.56,0,0.02,1.64,2.42,2.59,3.02,1.15,2.21,3.42,10.36,1.61,18.25,6.55,6.62,6.71,6.07,5.8,7.78,2.5,11.29,37.51,28.29,5.99,24,920,14107,0.5,641,4.21,105764,2.63,6896,10.53,88.97,93.38,34,37.42,36182,923,20.14,53.32,9.64,0.32,31.41,5.31,4806,19.6,1968,3.1,66.52,32.4,1.09,443,190,158,447,142,644,720
"Colorado Springs, CO",0.8736075681,403177,1105,67431,0.002740731738,0.1672491238,0.251554869,-1.63E-05,1.26E-01,-11.7,,,70,28,2,41,35,24,"64,712","1,131",5,69,6,18,3,89,1,2,1,8,"191,476",23,921,379,5,0,0,6,6,2,2,4,1,2,2,2,9,0,4,11,22,1,10,4,13,73,6,14,2,"1,297","3,382",0,614,5,"42,378",2,"16,248",57,43,60,34,41,"44,689",835,8,76,1,3,10,10,"7,687",21,"1,980",4,43,54,4,589,308,303,476,62,635,797
"Columbus, OH",0.5654913652,1112760,14211,187316,0.01277094791,0.1683345915,0.232603457,-3.92E-06,1.59E-01,6,,,56,43,1,55,32,24,"53,745",961,9,55,29,6,6,88,3,3,1,6,"392,673",22,"1,548",692,4,0,0,1,4,2,2,2,2,4,11,2,11,5,5,6,18,2,7,4,14,76,12,4,5,"1,155","11,086",0,811,4,"146,784",3,"15,291",10,90,82,31,74,"66,000","1,215",10,76,4,2,14,5,"10,732",19,"1,981",3,62,37,2,443,190,158,447,142,644,720
"Dallas-Fort Worth-Arlington, TX",0.7027808633,4175270,29529,687812,0.007072356997,0.1647347357,0.2632440534,-1.45E-07,1.27E-01,16.5,,,46,53,1,59,33,21,"52,580","1,052",11,29,24,42,3,88,4,2,0,6,"574,097",27,"1,512",652,2,0,1,1,3,1,3,2,2,4,8,3,16,1,5,19,12,2,6,2,7,63,16,14,5,"3,542","48,203",0,"2,455",3,"269,273",3,"19,788",4,96,87,31,75,"95,078","1,725",14,71,4,0,14,11,"13,716",22,"2,001",3,59,40,2,482,340,353,408,62,728,679
"Denver-Aurora-Centennial, CO",0.6679448602,1687286,38945,377021,0.02308144559,0.2234481884,0.2915392958,-9.30E-06,9.55E-02,1.3,,,53,47,0,50,35,30,"68,592","1,311",6,54,9,30,4,77,7,5,2,10,"321,717",26,"1,777",810,3,0,5,1,2,1,3,2,2,4,8,3,20,4,7,3,2,3,12,2,16,79,3,9,6,"5,242","57,503",0,"4,056",3,"167,681",3,"15,287",4,96,72,34,76,"90,384","1,757",17,46,11,2,26,15,"11,827",25,"2,002",3,65,33,3,589,308,303,476,62,635,797
"Detroit-Warren-Dearborn, MI",0.6584920571,2068081,18167,284557,0.008784472175,0.1375947074,0.1994968679,-2.51E-06,1.17E-01,4.6,,,73,27,0,53,35,9,"30,894",824,27,11,78,8,2,83,7,4,1,6,"362,947",26,"1,878","1,010",2,0,0,5,2,3,2,2,2,3,17,1,11,8,6,2,4,4,12,2,15,46,36,5,10,"2,254","29,930",0,"1,613",3,"94,938",3,"7,150",3,97,87,32,54,"64,509","1,380",17,58,5,1,28,7,"5,117",20,"1,958",3,68,30,1,477,362,167,466,58,539,642
"El Paso, TX",0.9652386385,399781,3790,34446,0.009480190404,0.08616217379,0.1808931193,,,,,,70,27,3,41,33,17,"47,568",837,9,13,3,81,1,92,2,1,0,5,"250,383",23,"1,020",376,1,0,0,3,5,3,6,6,2,3,6,2,8,1,18,3,16,2,9,3,5,3,3,93,0,"1,684","4,221",0,820,1,"24,045",3,"9,590",20,80,90,44,4,"13,574",432,21,59,15,0,17,8,"4,672",31,"1,949",4,67,32,2,482,340,353,408,62,728,679
"Fresno, CA",0.7183265241,486757,4860,44876,0.009984448092,0.09219384621,0.1411106527,-3.67E-06,2.14E-01,-7,,,64,34,2,53,31,15,"50,432","1,005",6,27,7,50,13,90,2,1,1,6,"178,831",22,"1,767",602,3,0,0,2,3,8,5,2,3,2,1,1,4,1,3,7,26,2,4,4,21,21,9,62,3,"1,441","8,543",1,429,4,"45,361",2,"7,650",16,84,87,33,13,"28,529",800,11,86,1,0,6,7,"2,279",,"1,975",3,53,45,2,504,455,478,491,156,768,836
"Houston-Pasadena-The Woodlands, TX",0.6394643482,3637465,51570,459609,0.014177456,0.1263542055,0.213679326,-2.52E-06,2.54E-01,-12,,,49,50,1,58,33,20,"52,338","1,041",11,24,22,45,7,88,4,2,0,6,"968,704",28,"1,393",584,2,0,5,4,4,3,2,1,5,1,6,1,15,6,7,3,4,3,6,2,21,37,37,20,3,"2,983","35,428",0,"1,184",3,"195,977",3,"16,503",3,97,84,35,36,"81,003","1,573",19,58,8,1,21,13,"6,549",19,"1,985",3,56,43,1,482,340,353,408,62,728,679
"Indianapolis-Carmel-Greenwood, IN",0.7936805196,1101507,7323,165687,0.006648164742,0.1504184721,0.2128148014,-7.43E-06,1.89E-01,0.6,,,68,31,1,47,34,20,"47,873",892,12,54,28,10,3,91,2,2,0,5,"386,108",24,923,412,3,0,0,0,1,9,1,1,1,3,8,1,12,2,5,11,17,2,7,5,14,64,24,4,5,"2,871","52,710",0,"1,551",2,"153,415",2,"8,356",6,94,81,32,52,"58,636","1,309",9,59,4,6,25,5,"4,515",20,"1,977",3,58,40,2,603,95,129,480,18,651,723
"Jacksonville, FL",0.70245259,831679,4146,160263,0.004985096413,0.1926981444,0.268388095,-2.23E-06,1.96E-01,-6.8,,,65,30,5,44,36,19,"54,701","1,065",12,51,30,10,5,89,2,2,0,6,"383,856",25,460,198,4,0,0,1,2,2,1,1,2,3,9,1,10,1,5,21,28,3,5,2,3,35,54,5,3,"1,269","17,066",1,471,2,"87,749",2,"6,523",8,90,89,38,20,"33,967",612,18,66,8,0,15,12,"2,422",,"1,967",3,47,51,1,284,224,193,337,368,421,739
"Kansas City, MO-KS",0.7386976441,1149336,6418,180594,0.005584093772,0.1571289858,0.2468020894,-5.41E-06,1.41E-01,-12,,,67,32,1,47,35,22,"54,194",941,13,55,28,11,3,89,3,2,0,6,"232,537",22,596,285,4,0,0,2,6,12,9,2,10,3,7,2,13,5,8,1,3,3,5,2,6,52,32,8,6,"2,490","15,330",0,"1,508",2,"91,116",3,"14,801",8,92,86,29,49,"42,287",952,11,77,5,1,11,7,"8,963",20,"1,953",3,55,43,2,308,70,345,395,239,421,656
"Las Vegas-Henderson-North Las Vegas, NV",1.02636461,1132152,26896,135824,0.02375652739,0.1199697567,0.2082758645,-8.07E-06,1.80E-01,-12.9,,,66,33,1,47,38,16,"56,354","1,102",11,44,12,33,7,88,4,1,0,7,"259,464",26,"1,729",707,5,0,0,0,2,1,2,12,1,2,1,1,5,1,3,0,3,4,23,3,35,19,16,58,3,"3,074","4,010",2,"1,331",4,"55,558",2,"42,592",27,72,82,34,8,"25,310",737,18,75,10,1,4,10,"18,441",28,"1,976",3,54,44,2,417,281,190,434,38,537,709
"Los Angeles-Long Beach-Anaheim, CA",0.8319050695,6340771,210500,952276,0.03319785559,0.1501829983,0.2425013811,2.55E-06,9.50E-02,27.1,,,44,56,1,63,36,23,"62,142","1,450",7,28,9,48,11,78,9,3,1,8,"1,493,108",32,"3,266","1,229",3,0,0,4,1,2,5,3,2,2,6,1,10,2,5,7,7,4,7,2,29,21,16,42,17,"10,510","77,725",0,"5,998",4,"363,082",3,"49,096",2,97,95,36,36,"33,164","1,127",12,44,28,1,17,11,"28,017",32,"1,958",1,71,27,2,504,455,478,491,156,768,836
"Louisville/Jefferson County, KY-IN",0.5422192865,661429,6872,82246,0.0103896261,0.1243459237,0.1854471232,-3.06E-06,1.75E-01,-1.2,,,68,30,2,40,38,18,"53,436",846,10,66,23,6,3,88,3,2,0,6,"277,101",23,906,406,3,0,0,1,2,6,3,2,2,3,19,1,10,2,6,2,21,2,7,2,10,41,50,3,4,"1,787","21,879",0,897,3,"88,093",2,"7,194",5,95,93,37,19,"19,628",339,25,50,18,1,24,7,"3,612",,"1,961",3,59,39,2,381,121,109,418,57,436,740
"Memphis, TN-MS-AR",0.7398035987,622515,2337,57718,0.003754126407,0.09271744456,0.1679695463,2.19E-07,1.66E-01,18.3,,,65,34,1,53,34,16,"41,228",901,16,26,64,7,2,93,1,2,0,4,"299,913",22,793,365,2,0,0,1,1,3,1,4,2,1,4,1,3,1,3,7,31,2,6,4,22,54,33,4,6,"2,147","10,550",0,"1,264",2,"72,154",2,"14,684",20,80,69,33,66,"72,850","1,266",12,84,2,1,7,7,"8,646",20,"1,997",4,64,34,2,397,310,303,400,54,569,654
"Miami-Fort Lauderdale-West Palm Beach, FL",0.9203596278,3094915,85239,451688,0.02754162877,0.1459452037,0.2541327905,-2.52E-06,7.53E-02,-10.1,,,34,66,0,70,40,18,"39,049","1,183",15,11,14,73,1,78,9,4,1,8,"208,046",29,"4,873","2,232",1,0,0,0,1,0,3,4,10,2,14,3,18,1,10,1,16,1,12,3,1,37,2,55,3,"17,550","75,076",0,"15,499",2,"79,043",2,"18,477",1,99,67,35,76,"101,248","2,279",37,60,7,0,15,18,"16,318",23,"2,003",4,53,46,1,284,224,193,337,368,421,739
"Milwaukee-Waukesha, WI",0.8571704024,794930,17419,114991,0.02191262124,0.1446555043,0.2029331192,-8.03E-06,1.19E-01,-5.3,,,45,54,0,59,32,16,"41,838",858,11,35,38,19,4,83,7,5,1,4,"258,444",22,"2,387","1,037",3,0,0,1,1,4,1,3,1,2,15,2,12,5,8,5,9,4,11,2,14,80,7,5,6,"4,559","18,759",0,"3,268",3,"102,552",3,"24,921",7,92,79,31,67,"55,606",985,12,68,8,2,17,6,"17,866",20,"1,963",3,69,29,2,454,70,70,442,55,552,679
"Minneapolis-St. Paul-Bloomington, MN-WI",0.5555289877,2001766,40985,382847,0.02047442109,0.1912546222,0.2223435578,-3.79E-06,1.34E-01,4.4,,,45,54,0,53,32,30,"62,583","1,027",6,60,19,10,6,68,13,7,4,7,"188,017",23,"3,005","1,344",6,0,0,1,2,0,1,1,1,6,17,1,22,8,6,2,9,4,8,2,8,59,27,3,5,"3,404","87,135",0,"1,766",7,"136,661",2,"5,339",3,97,73,33,58,"99,095","1,618",14,44,13,3,30,10,"2,770",18,"2,005",3,66,32,2,525,130,235,441,52,685,692
"Nashville-Davidson--Murfreesboro--Franklin, TN",0.8765959548,1124096,7968,195295,0.00708836256,0.1737351614,0.2239692244,-5.71E-06,2.58E-01,-9.2,,,59,39,2,46,34,26,"59,828","1,100",10,55,27,11,4,88,2,2,0,8,"301,844",25,539,245,3,0,0,0,2,2,3,2,1,5,5,1,12,5,9,1,3,5,18,3,23,73,19,6,0,"2,066","53,952",0,"1,876",2,"72,398",2,"2,773",6,94,56,37,57,"80,729","1,593",46,64,2,0,27,6,"2,517",,"1,985",3,64,32,3,397,310,303,400,54,569,654
"New Orleans-Metairie, LA",0.7448114054,446306,8860,47271,0.01985185052,0.1059161203,0.1958126722,-1.69E-05,1.48E-01,-2.6,,,54,45,1,52,37,21,"41,604",998,20,31,59,5,3,77,7,5,3,8,"191,808",24,891,437,2,0,2,0,1,1,2,4,2,4,4,2,10,2,8,5,13,5,27,3,5,56,31,9,2,"2,251","12,618",0,"1,746",2,"97,506",2,"17,393",16,84,69,37,58,"53,216","1,193",33,57,8,6,19,11,"13,489",16,"1,980",3,63,36,2,558,578,409,689,58,528,718
"New York-Newark-Jersey City, NY-NJ",0.6586055394,9618141,2558677,1300973,0.2660261479,0.1352624171,0.274504174,-3.36E-06,1.36E-01,13.7,,,16,84,0,67,37,22,"63,998","1,443",9,32,22,29,14,27,56,10,1,6,"3,494,228",42,"10,822","4,491",3,0,0,0,2,1,5,4,1,9,19,3,18,3,11,2,6,2,7,3,3,58,4,14,21,"14,064","239,818",0,"10,191",3,"1,164,072",2,"68,267",2,98,80,36,79,"127,566","2,649",20,4,49,2,36,10,"49,466",27,"1,979",3,76,23,1,529,358,308,458,78,549,710
"Oklahoma City, OK",0.9295544819,710845,1854,71852,0.002608163524,0.1010797009,0.192486684,-1.06E-05,1.39E-01,-11.8,,,71,26,3,41,34,20,"55,557",871,11,54,14,20,4,93,1,2,0,5,"273,177",21,410,174,8,0,6,2,3,2,2,2,1,3,3,2,11,8,12,1,12,3,11,2,13,48,22,11,4,"2,144","23,521",1,657,15,"48,286",3,"4,402",9,90,92,32,25,"53,178","1,116",15,67,2,0,29,3,"1,349",,"1,972",3,46,51,3,476,55,237,108,38,603,685
"Orlando-Kissimmee-Sanford, FL",0.7910953189,1414255,14019,247248,0.009912639517,0.1748256149,0.2408958752,-2.08E-06,1.09E-01,-12.8,,,42,58,0,65,34,25,"51,757","1,196",16,37,24,33,4,87,3,2,1,7,"133,095",26,981,465,3,0,0,1,2,1,1,2,2,2,4,2,14,5,6,22,16,2,4,2,15,59,7,24,7,"2,069","20,121",1,"1,551",3,"119,066",2,"12,243",16,83,76,35,59,"57,266","1,331",18,82,2,1,5,11,"9,179",23,"2,000",3,54,45,1,284,224,193,337,368,421,739
"Philadelphia-Camden-Wilmington, PA-NJ-DE-MD",0.6724843295,3132908,200658,528630,0.06404848147,0.168734607,0.2353214334,-7.63E-06,9.03E-02,1.7,,,66,33,0,47,34,17,"45,927","1,042",12,34,41,15,7,58,25,9,2,6,"685,956",34,"4,540","1,972",3,0,0,1,2,0,1,4,3,4,9,1,15,3,6,13,12,2,8,4,11,68,7,5,15,"9,985","57,529",0,"6,673",4,"325,398",3,"56,479",11,89,67,35,78,"80,254","1,686",14,25,22,3,39,12,"37,744",26,"1,955",3,76,23,1,500,214,200,369,74,533,735
"Phoenix-Mesa-Chandler, AZ",0.8916308321,2486869,29802,481980,0.01198374341,0.1938099675,0.2530973416,-1.60E-07,1.29E-01,22.2,,,65,32,3,46,34,18,"57,459","1,053",9,43,7,43,4,87,3,2,1,8,"621,230",26,"1,218",463,4,0,1,4,3,3,3,1,1,3,9,4,9,1,8,1,11,3,7,4,26,55,7,30,4,"1,554","17,412",0,904,4,"175,486",2,"15,663",37,63,68,34,46,"43,139","1,023",22,71,4,3,10,12,"9,109",19,"1,975",3,50,48,2,364,234,195,246,46,546,668
"Pittsburgh, PA",0.6628438892,1203666,43595,185166,0.03621851909,0.153835034,0.209187822,-6.98E-06,1.25E-01,-6.4,,,59,41,0,53,33,23,"48,711",958,12,65,23,3,6,63,18,11,2,7,"157,311",24,"2,107","1,097",4,0,0,1,2,2,2,2,1,3,21,1,13,5,4,13,11,4,7,2,7,47,40,4,5,"2,699","20,548",1,"1,173",4,"166,649",3,"21,893",33,67,77,28,38,"42,664",953,14,42,17,2,32,7,"9,511",19,"1,958",4,59,39,2,500,214,200,369,74,533,735
"Raleigh-Cary, NC",0.6321442424,797244,4720,195326,0.005920395763,0.2450015303,0.310677138,-2.08E-06,1.28E-01,3.9,,,60,39,1,48,34,32,"67,266","1,121",9,53,28,11,5,86,2,2,0,10,"202,417",24,"1,229",536,3,0,0,1,4,2,3,2,1,6,4,1,17,3,9,3,2,1,7,3,33,36,52,7,2,"2,265","11,387",0,"1,048",2,"52,918",2,"10,525",37,63,75,31,43,"51,281","1,036",15,70,6,2,10,13,"4,872",24,"1,983",4,62,36,2,422,374,69,422,155,688,657
"Sacramento-Roseville-Folsom, CA",0.6571461438,1135165,11956,207940,0.01053238956,0.1831804187,0.2022489228,-8.58E-06,1.45E-01,-10.4,,,67,31,2,52,35,21,"62,335","1,263",6,32,13,29,19,85,3,3,2,7,"196,652",26,"1,979",777,7,0,0,1,2,2,1,2,1,1,2,1,8,1,3,1,3,4,7,4,57,50,15,20,8,"3,292","28,382",0,"2,071",6,"102,654",2,"11,908",10,90,93,34,40,"33,938",917,10,60,5,7,23,5,"7,492",22,"1,974",3,61,36,3,504,455,478,491,156,768,836
"Salt Lake City-Murray, UT",0.8191777511,682754,12784,126422,0.01872416712,0.1851647885,0.2332238501,-1.02E-05,1.56E-01,-9.6,,,50,49,1,52,32,26,"60,676",985,8,65,2,22,5,78,7,5,2,7,"86,092",20,690,300,6,0,0,0,3,4,3,9,2,5,11,2,14,7,7,4,5,3,12,3,6,66,6,15,7,"2,065","10,648",0,"1,313",7,"89,744",3,"17,401",16,84,79,34,44,"41,687",867,12,66,11,5,13,6,"11,068",20,"1,972",3,54,43,4,333,78,132,300,0,421,663
"San Antonio-New Braunfels, TX",0.7584781414,1308238,16647,193286,0.01272474886,0.1477452879,0.2194290321,-3.90E-06,1.78E-01,5.6,,,65,34,2,46,34,17,"52,455",992,9,25,6,64,3,90,3,2,0,5,"548,473",25,"1,200",437,2,0,0,4,2,1,1,2,1,3,4,2,7,5,6,16,17,1,16,3,9,45,3,48,0,467,"25,062",0,530,3,"77,350",3,"1,441",7,93,84,53,48,"36,094",741,35,70,4,0,21,5,"1,635",,"1,951",3,55,43,2,482,340,353,408,62,728,679
"San Francisco-Oakland-Fremont, CA",0.6731643274,2346227,237054,481798,0.1010362595,0.2053501217,0.3283284119,-1.42E-05,1.28E-01,15,,,31,69,0,62,38,35,"112,449","1,895",9,41,5,15,34,39,35,12,4,10,"397,812",34,"7,203","3,275",5,0,0,3,2,1,2,4,3,9,12,2,31,6,8,2,2,1,7,2,1,42,2,7,44,"7,353","153,261",0,"4,821",6,"311,736",2,"14,956",3,97,64,38,79,"186,852","2,685",19,19,24,2,45,11,"9,807",30,"1,995",3,85,13,2,504,455,478,491,156,768,836
"San Jose-Sunnyvale-Santa Clara, CA",0.9649183204,1015244,28740,164393,0.02830846575,0.1619246211,0.326214735,-3.33E-06,9.75E-02,-5.4,,,63,33,3,43,37,26,"109,593","2,107",4,26,3,32,36,87,4,2,1,6,"338,509",31,"2,232",735,4,0,0,0,1,1,1,1,0,19,5,3,29,0,15,2,2,2,14,1,4,46,9,15,28,"2,393","36,817",2,"1,601",2,"32,421",2,"2,107",0,98,86,36,71,"135,875","2,709",7,57,20,0,11,11,"1,410",33,"2,006",3,73,25,2,504,455,478,491,156,768,836
"Seattle-Tacoma-Bellevue, WA",0.5650723652,2145375,121245,436144,0.05651459535,0.203294995,0.2806487523,-1.08E-05,1.20E-01,-24.2,,,46,53,0,54,35,37,"92,263","1,614",6,64,7,7,15,54,23,11,4,9,"354,475",28,"3,335","1,632",7,0,0,1,2,2,2,5,3,9,5,3,18,6,5,2,14,2,9,4,7,55,8,6,23,"8,349","82,801",0,"6,074",7,"279,569",3,"28,191",2,97,84,39,53,"66,976","1,497",14,23,26,1,42,7,"20,509",23,"1,977",2,75,22,3,433,350,482,476,70,545,752
"Tampa-St. Petersburg-Clearwater, FL",0.8068123206,1609870,16844,314698,0.01046295664,0.1954803804,0.2759062056,-3.31E-06,1.13E-01,-15.7,,,59,40,1,51,36,23,"53,833","1,131",11,45,22,26,4,86,2,2,1,8,"170,820",25,"1,314",579,3,0,0,1,1,1,1,1,1,2,4,1,12,3,5,31,10,3,5,2,14,57,17,20,4,"2,361","15,418",0,"1,510",3,"101,799",2,"15,586",22,78,62,37,54,"72,824","1,597",14,80,1,1,5,12,"9,967",22,"2,002",4,53,46,1,284,224,193,337,368,421,739
"Tucson, AZ",0.9119528925,492144,9850,68333,0.02001446731,0.1388475731,0.190387595,-2.32E-06,1.74E-01,-12.5,,,62,32,7,49,34,17,"43,425",846,11,44,5,44,3,85,3,3,2,6,"239,287",23,878,388,5,0,0,4,2,2,1,2,1,1,0,3,4,1,2,25,10,2,6,2,32,49,4,39,2,"1,397","9,474",0,855,6,"35,487",2,"5,234",45,55,76,34,47,"43,527",854,15,68,8,9,9,5,"3,202",20,"1,954",4,59,40,2,364,234,195,246,46,546,668
"Tulsa, OK",0.8214991047,486558,1852,53448,0.003806329358,0.1098491855,0.1825650961,-5.37E-06,1.62E-01,-9.7,,,65,33,2,49,35,21,"47,650",829,13,54,15,17,3,91,1,2,0,6,"187,655",19,787,367,11,0,7,9,3,2,2,2,3,6,9,2,16,1,5,1,9,2,8,3,12,66,13,8,3,"1,498","11,028",1,986,10,"38,746",3,"5,264",15,84,78,39,36,"61,373","1,113",25,78,1,1,10,10,"3,464",,"1,967",4,39,59,3,476,55,237,108,38,603,685
"Washington-Arlington-Alexandria, DC-VA-MD-WV",0.6850570373,3398706,278441,745855,0.08192559168,0.2194526387,0.3108867811,-4.65E-06,1.25E-01,24,,,36,64,0,58,34,25,"86,420","1,541",10,37,45,11,4,39,35,13,4,9,"315,176",31,"4,375","1,991",3,0,0,0,1,0,1,2,0,4,3,2,24,0,8,4,4,1,9,13,24,60,14,13,9,"7,231","115,824",0,"4,702",4,"329,562",2,"20,576",5,95,74,32,81,"88,494","1,876",10,15,27,4,47,8,"13,378",22,"1,966",3,94,4,2,272,401,402,434,58,422,737
"Wichita, KS",0.8909667836,318695,1845,22194,0.005789234221,0.06964025165,0.1720831695,-1.02E-05,1.41E-01,-4.7,,,71.36,25.78,2.86,41.23,35,19.06,52620,809,10.89,62.76,10.62,17.2,5,92.97,0.72,1.52,0.34,4.46,172020,19,931.2,410.8,4.42,0,0.37,0.25,4.93,4.93,2.09,2.37,0.89,0.84,3.72,0.85,7.34,3.8,8.85,17.74,13.02,3.99,5.12,2.87,16.02,83.78,7.6,7.2,0.8,684,18912,0,547,0.63,48437,2.53,1751,2.07,97.93,88.06,33,48.37,36791,872,21.7,84.77,0,0,11.88,3.36,1401,,1956,2.5,42.53,55.09,2.38,385,118,178,389,35,627,669